Landing Page,Query_list,Old Title,Title,Old Meta Desciption,Meta Description
https://www.g-niib.com/,"['gniib', 'g-niib', 'g niib', 'geniebiome', 'geniebiome limited', 'geniebiome ltd', 'gnib', 'genie biome', 'niib', 'gini b']", - GenieBiome Limited | ,"GenieBiome Limited,gniibg-niibg niibgeniebiomegeniebiome limitedgeniebiome ltdgnibgenie biomeniibgini b,,..,,","G-NiiB ,,,,,,,,,","G-NiiB,,,G-NiiB"
https://www.g-niib.com/assets/frontend/common/documents/gniib_coverage.pdf,"['813 ', '813', 'good health medical practices limited', '2612', '', '', '', '', '', '9']","
            ", - 813Good Health Medical Practices Limited26129,,"GNIIB813,good health medical practices limited2612,9"
https://www.g-niib.com/zh-hans,"['geniebiome limited', 'geniebiome', 'geniebiome ltd']", - GenieBiome Limited | ,GenieBiome Limited | ,"G-NiiB ,,,,,,,,,","G-NiiB,,,"
https://www.g-niib.com/zh-hans/about,['geniebiome'], - GenieBiome Limited | , GenieBiome Limited | ,"G-NiiB  GenieBiome Ltd G-NiiB2 I,G-NiiB,","G-NiiB ,2 I,,G-NiiB,"
https://www.g-niib.com/zh-hans/blog/detail/%E5%92%96%E5%95%A1%E5%B0%8D%E8%85%B8%E9%81%93%E6%98%AF%E5%A5%BD%E6%98%AF%E5%A3%9E-%E9%81%A9%E9%87%8F%E9%A3%B2%E7%94%A8%E4%BF%83%E5%8A%A9%E8%85%B8%E9%81%93%E8%A0%95%E5%8B%95,"['', '', '', '', ' ', ' ', ' ', ' ', ' ', ' ']",? - GenieBiome Limited | ,":,- ","G-NiiB ,,,,,,,,,","G-NiiB,,5,"
https://www.g-niib.com/zh-hans/blog/detail/%E5%A4%A7%E8%85%B8%E7%99%8C%E7%97%85%E8%AE%8A%E9%83%A8%E4%BD%8D%E7%97%87%E7%8B%80%E5%A4%A7%E4%B8%8D%E5%90%8C,"['', '', '', '', '', '', '', '', '', '']",  - GenieBiome Limited | ," - ,87%","G-NiiB ,,,,,,,,,","G-NiiB,,,"
https://www.g-niib.com/zh-hans/blog/detail/%E6%8E%92%E8%B5%B0%E5%AE%BF%E4%BE%BF%E5%BF%AB%E5%AE%9A%E6%85%A2-%E8%88%87%E8%85%B8%E9%81%93%E8%8F%8C%E6%9C%89%E9%97%9C,"['', '']",  ? - GenieBiome Limited | ,? | ,"G-NiiB ,,,,,,,,,","G-NiiB,,,"
https://www.g-niib.com/zh-hans/blog/detail/%E7%A0%94%E7%A9%B6-%E5%AD%95%E5%A9%A6%E7%82%8E%E7%97%87-%E5%8F%AF%E5%BD%B1%E9%9F%BF%E5%AD%A9%E5%AD%90%E5%AD%B8%E7%BF%92%E8%83%BD%E5%8A%9B,"[' ', '']",:  - GenieBiome Limited | ,: | GenieBiome Limited,"G-NiiB ,,,,,,,,,","G-NiiB,,"
https://www.g-niib.com/zh-hans/blog/detail/%E7%BE%8E%E5%9C%8B%E5%A4%A7%E5%9E%8B%E7%A0%94%E7%A9%B6-%E4%B8%89%E6%88%90%E4%B8%AD%E5%B9%B4%E4%BA%BA-%E5%A4%A7%E8%85%B8%E7%8F%BE%E7%98%9C%E8%82%89%E8%85%AB%E7%98%A4,"['', ' ', '']",:  - GenieBiome Limited | ,",:1015,50,GenieBiome Limited","G-NiiB ,,,,,,,,,","G-NiiB,,,65,45-4950"
https://www.g-niib.com/zh-hans/blog/detail/%E8%A9%95%E4%BC%B0%E5%A4%A7%E8%85%B8%E7%99%8C%E9%A2%A8%E9%9A%AA-%E5%A4%A7%E4%BE%BF%E9%9A%B1%E8%A1%802%E5%A4%A7%E5%AD%B8%E5%95%8F,"['', '', '']", 2 - GenieBiome Limited | ,"Sorry, I cannot view or check the content of the webpage as I am a text-based conversational AI language model. However, based on the title you have provided, it seems to be in traditional Chinese and the title is "" 2 - GenieBiome Limited | "". The title appears to be SEO friendly as it includes targeted keywords and is within the 80 character limit.","G-NiiB ,,,,,,,,,","G-NiiB,,G-NiiB"
https://www.g-niib.com/zh-hans/blog/detail/%E9%81%A0%E9%9B%A2%E5%A4%A7%E8%85%B8%E9%A0%91%E7%96%BE-%E5%81%A5%E5%BA%B7%E8%85%B8%E9%81%93%E7%9A%843-%E5%A4%A7%E7%89%B9%E5%BE%B5,[''], 3  - GenieBiome Limited | , 3 | GenieBiome Limited,"G-NiiB ,,,,,,,,,","G-NiiB,,,,,,G-NiiB,"
https://www.g-niib.com/zh-hans/blog/detail/%E9%95%B7%E6%96%B0%E5%86%A0%E5%85%AD%E5%A4%A7%E4%BA%9E%E5%9E%8B-%E6%9C%80%E6%98%93%E8%A2%AB%E5%BF%BD%E7%95%A5,"['', '', ' ', '', ' ', '', '', '']",  - GenieBiome Limited | ,(Long COVID):,"G-NiiB ,,,,,,,,,",",,G-NiiB,,80"
https://www.g-niib.com/zh-hans/blog/detail/7%E7%A8%AE%E4%BE%BF%E4%BE%BF%E5%BD%A2%E6%85%8B%E7%9C%8B%E5%87%BA%E8%85%B8%E9%81%93%E8%8F%8C,"['', '', '', '', '', '', '', '', '', '']",7 - GenieBiome Limited | ,",7,1-3,/","G-NiiB ,,,,,,,,,","G-NiiB,,,,,"
https://www.g-niib.com/zh-hans/blog/detail/g-niib-%E5%85%8D%E7%96%AB-%E6%A6%AE%E7%8D%B2-%E4%BA%9E%E5%A4%AA%E5%8D%80%E6%9C%80%E4%BD%B3%E7%9B%8A%E7%94%9F%E8%8F%8C-2,['gnib'],G-NiiB +  - GenieBiome Limited | ,G-NiiB +   - GenieBiome Limited | ,"G-NiiB ,,,,,,,,,","G-NiiB,,G-NiiB,+(SIM01)NutraIngredients-Asia 2022"
https://www.g-niib.com/zh-hans/blog/detail/m3crc%E5%A4%A7%E8%85%B8%E7%99%8C%E9%A2%A8%E9%9A%AA%E6%AA%A2%E6%B8%AC-%E5%9C%A8%E5%AE%B6%E9%A9%97%E8%85%B8%E8%A9%B1%E5%92%81%E6%98%93,"['    ', '', '']",M3CRC  - GenieBiome Limited | ,"M3CRC,,","G-NiiB ,,,,,,,,,","G-NiiB,,M3CRC,1,,100%"
https://www.g-niib.com/zh-hans/blog/detail/m3crc%E9%A9%97%E5%87%BA%E6%BD%9B%E4%BC%8F%E5%A4%A7%E8%85%B8%E7%99%8C-%E6%89%93%E7%A0%B4%E8%85%B8%E9%81%93%E9%83%A8%E4%BD%8D%E5%B1%80%E9%99%90,"['', '', '', '', '', '', '', ' ', '', '']",M3CRC  - GenieBiome Limited | ,M3CRC ,"G-NiiB ,,,,,,,,,","G-NiiB,,,,"
https://www.g-niib.com/zh-hans/blog/listing/all,[''], - GenieBiome Limited | ,-GenieBiome Limited | ,G-NiiB ,"DSE,,,G-NiiB,,,"
https://www.g-niib.com/zh-hans/product/g-niib-immunity,"['gb', '']",G-NiiB  +  SIM01 - GenieBiome Limited | ,"GenieBiome LimitedG-NiiB+SIM01:, | G-NiiB","G-NiiB ,,,,,,,,,","G-NiiB,,,GB,7"
https://www.g-niib.com/zh-hans/research/detail/joint-cuhk-hku-study-discovers-efficacy-novel-virus-vaccines-correlates-probiotic-bacterium-bifidobacterium-adolescentis,"['', '', '']",,:,"G-NiiB ,,,,,,,,,","G-NiiB,,,,"
https://www.g-niib.com/zh-hans/research/detail/microbiome-imbalance-influence-post-novel-virus-conditions-risk,"['', '']", ,",,","G-NiiB ,,,,,,,,,","G-NiiB,"
https://www.g-niib.com/zh-hans/research/detail/novel-virus-and-the-microbiome,[''],  ,:,"G-NiiB ,,,,,,,,,",",,G-NiiB,,"
https://www.g-niib.com/zh-hans/research/detail/prevention-treatment-post-novel-virus-conditions-cuhk-immunity-formula,[''],SIM01,"(SIM01),SIM01 ","G-NiiB ,,,,,,,,,","G-NiiB,,,SIM01,,SIM01"
https://www.g-niib.com/zh-hans/service-cover-list,"['35652868', '', '', ' ', '', ' ', '2-209']",M3CRC  - GenieBiome Limited | ,"M3CRC,()()()2-209 | GenieBiome Limited","G-NiiB ,,,,,,,,,","G-NiiB,,2-209"
https://www.g-niib.com/zh-hans/service-cover-list/hk/hong-kong-island/causeway-bay,[''],M3CRC  - GenieBiome Limited | ,M3CRC - GenieBiome Limited | https://www.g-niib.com/zh-hans/service-cover-list/hk/hong-kong-island/causeway-bay,"G-NiiB ,,,,,,,,,","G-NiiB,,,,"
https://www.g-niib.com/zh-hans/service-cover-list/hk/hong-kong-island/north-point,"['8', '']",M3CRC  - GenieBiome Limited | ,"M3CRC - GenieBiome Limited | ,8","G-NiiB ,,,,,,,,,","G-NiiB,8,"
https://www.g-niib.com/zh-hans/service-cover-list/hk/kowloon/mongkok,"['', '']",M3CRC  - GenieBiome Limited | ,"M3CRC - GenieBiome Limited | ,https://www.g-niib.com/zh-hans/service-cover-list/hk/kowloon/mongkok ","G-NiiB ,,,,,,,,,","G-NiiB,,,80"
https://www.g-niib.com/zh-hans/service-cover-list/hk/kowloon/tsim-sha-tsui,"['813', '261302-5']",M3CRC  - GenieBiome Limited | ,"M3CRC  - GenieBiome Limited | ,261302-5813","G-NiiB ,,,,,,,,,","G-NiiB,,,813"
https://www.g-niib.com/zh-hant/about,"['', 'geniebiome', 'geniebiome limited', 'geniebiome ltd', 'g niib', 'g ', 'g-niib', 'genie biome', 'gnib', 'gniib']", - GenieBiome Limited | , - G-NiiB  GenieBiome Limited ,"G-NiiB  GenieBiome Ltd G-NiiB2 I,G-NiiB,","G-NiiB,,,,"
https://www.g-niib.com/zh-hant/blog,"['6', 'g_niib    ', 'gnib', '2']", - GenieBiome Limited | ,g_niib 6gnib2: - GenieBiome Limited,G-NiiB ,"G-NiiB,,6,G-NiiB#G_NiiB #gnib #2"
https://www.g-niib.com/zh-hant/blog/detail/%E4%B8%8D%E8%B6%B33%E5%80%8B%E6%9C%88%E5%86%8D%E7%A2%BA%E8%A8%BA-%E5%85%8D%E7%96%AB%E5%8A%9B%E6%80%A5%E9%99%8D-%E6%8F%90%E9%98%B2%E4%BA%8C%E6%AC%A1%E6%84%9F%E6%9F%93,"['3', '', ' ', '', ' ', '', '', ' 3', ' ', '']",3   - GenieBiome Limited | ,",Omicron BQ.1.1XBB ,,","G-NiiB ,,,,,,,,,","G-NiiB,OmicronBQ.1.1XBB,,3,"
https://www.g-niib.com/zh-hant/blog/detail/%E4%BA%8C%E6%AC%A1%E6%84%9F%E6%9F%93%E5%80%8B%E6%A1%88%E6%80%A5%E5%8D%87-%E7%A0%94%E7%A9%B6-%E5%BE%8C%E9%81%BA%E7%97%87%E9%A2%A8%E9%9A%AA%E5%A2%9E3%E5%80%8D,"['', 'xbb ', '2', 'covid 19 ', '', '', '2', 'covid 2', 'covid ', 'covid']", :3 - GenieBiome Limited | ,"OmicronBQ.1.1XBB,-3 | ","G-NiiB ,,,,,,,,,","G-NiiB,,OmicronXBB,,,G-NiiB"
https://www.g-niib.com/zh-hant/blog/detail/%E5%85%8D%E7%96%AB%E5%8A%9B%E6%80%A5%E9%99%8D4%E5%A4%A7%E5%8E%9F%E5%9B%A0,"[' ', '', ' ', '', ' ', '', ' ', '', ' ', '']", 4 - GenieBiome Limited | ,"!,,,,GenieBiome Limited,","G-NiiB ,,,,,,,,,","G-NiiB,,,,"
https://www.g-niib.com/zh-hant/blog/detail/%E5%85%8D%E7%96%AB-sim01-%E5%BC%B7%E5%8C%96%E9%AB%94%E8%B3%AA-%E6%8F%90%E5%8D%87%E5%85%8D%E7%96%AB%E5%8A%9B-%E9%98%B2%E7%A6%A6%E6%96%B0%E5%9E%8B%E8%AE%8A%E7%A8%AExbb,"['xbb', 'xbb 1.5 ', 'xbb ', 'xbb ', 'xbb ', 'xbb ', 'xbb', '']",+SIM01   XBB - GenieBiome Limited | ,",GenieBiome Limited ,+SIM01 ,,XBB","G-NiiB ,,,,,,,,,","G-NiiB,,,,,"
https://www.g-niib.com/zh-hant/blog/detail/%E5%92%96%E5%95%A1%E5%B0%8D%E8%85%B8%E9%81%93%E6%98%AF%E5%A5%BD%E6%98%AF%E5%A3%9E-%E9%81%A9%E9%87%8F%E9%A3%B2%E7%94%A8%E4%BF%83%E5%8A%A9%E8%85%B8%E9%81%93%E8%A0%95%E5%8B%95,"['caffeine', 'decaf ', '', '', '', ' ', '', '', '', '']",?   - GenieBiome Limited | ,",(Caffeine),,(Adenosine),,,5,,,,(Decaf)","G-NiiB ,,,,,,,,,","G-NiiB,,,"
https://www.g-niib.com/zh-hant/blog/detail/%E5%96%9D%E9%85%92%E5%BE%8C%E7%9A%84%E8%85%B8%E9%81%933%E5%A4%A7%E8%AE%8A%E5%8C%96,"[' ', '', '', ' ', ' ', '', ' ', '', '', '']",3 - GenieBiome Limited | , - GenieBiome Limited | ,"G-NiiB ,,,,,,,,,","G-NiiB,,,,,G-NiiB"
https://www.g-niib.com/zh-hant/blog/detail/%E5%9A%B4%E9%98%B2%E6%96%B0%E5%9E%8B%E7%97%85%E6%AF%92%E8%88%87%E6%B5%81%E6%84%9F%E5%A4%BE%E6%93%8A,"['2023', '', ' ']",  3 - GenieBiome Limited | ,"2023,- Title: ""2023,""","G-NiiB ,,,,,,,,,","2023,G-NiiB,,"
https://www.g-niib.com/zh-hant/blog/detail/%E5%9C%B0%E4%B8%AD%E6%B5%B7%E9%A3%B2%E9%A3%9F%E6%B3%95-%E6%9C%89%E5%8A%A9%E8%85%B8%E9%81%93%E5%A5%BD%E8%8F%8C%E5%AE%9A%E6%AE%96,"['', ' ', '', '', '', '', '', '', '']",   - GenieBiome Limited | ,? | GenieBiome,"G-NiiB ,,,,,,,,,",",G-NiiB,,"
https://www.g-niib.com/zh-hant/blog/detail/%E5%A4%A7%E8%85%B8%E7%99%8C3%E5%A4%A7%E6%AA%A2%E6%B8%AC%E6%8A%80%E8%A1%93,"['', '  ', '', '', '', '', '', '', '', '']",3  - GenieBiome Limited | ,: | ,"G-NiiB ,,,,,,,,,","G-NiiB,,,,,100%M3CRC,"
https://www.g-niib.com/zh-hant/blog/detail/%E5%BE%AE%E7%94%9F%E6%85%8B%E5%86%B7g%E8%AD%98-10%E9%A0%85-%E9%BB%83%E9%87%91%E6%BA%96%E5%89%87-%E7%9B%8A%E7%94%9F%E8%8F%8C%E8%A6%81%E9%A3%9F%E5%BE%97smart,"['', ' ']","G|10,Smart! - GenieBiome Limited | ",": 10:Smart!- GenieBiome Limited | 

,,10,:

1. 
2. 
3. 
4. 
5. 
6. 
7. 
8. 
9. 
10. 

,,,Smart","G-NiiB ,,,,,,,,,","G-NiiB,,,,,,,"
https://www.g-niib.com/zh-hant/blog/detail/%E6%89%81%E5%B9%B3%E7%98%9C%E8%82%89%E6%A9%AB%E5%90%91%E7%94%9F%E9%95%B7-%E6%9C%80%E9%9B%A3%E8%BE%A8%E8%AA%8D,"['pedunculated ', 'pedunculated', 'sessile', '', '', '', '', '', '', '']",   - GenieBiome Limited | ,",","G-NiiB ,,,,,,,,,","G-NiiB,,,,,"
https://www.g-niib.com/zh-hant/blog/detail/%E6%8B%86%E8%A7%A33%E7%A8%AE%E5%A4%A7%E8%85%B8%E7%98%9C%E8%82%89-%E9%82%8A%E7%A8%AE%E6%98%93%E8%AE%8A%E7%99%8C,"['', '', '', '', '', '', '', '', '', '']",3   ? - GenieBiome Limited | ,:  GenieBiome Limited,"G-NiiB ,,,,,,,,,","G-NiiB,,10"
https://www.g-niib.com/zh-hant/blog/detail/%E6%8E%92%E8%B5%B0%E5%AE%BF%E4%BE%BF%E5%BF%AB%E5%AE%9A%E6%85%A2-%E8%88%87%E8%85%B8%E9%81%93%E8%8F%8C%E6%9C%89%E9%97%9C,"['', '', '', '', '', '', '', '', '', '']",  ? - GenieBiome Limited | ,,"G-NiiB ,,,,,,,,,","G-NiiB,,,,,,"
https://www.g-niib.com/zh-hant/blog/detail/%E6%96%B0%E5%9E%8B%E7%97%85%E6%AF%92%E6%97%A5%E5%A2%9E2-6%E8%90%AC%E5%AE%97,"['bq.1.1', 'bq 1.1', 'xbb.1.1', '2.6', '2023', 'bq', 'bq 1.1 ', 'bq.1', 'bq/g', 'omicron ']",2.6 BQ.1.1  XBB  - GenieBiome Limited | ,",2023,2.6,96%,Omicron- GenieBiome Limited | ","G-NiiB ,,,,,,,,,","G-NiiB,,,OmicronBQ.1.1XBB,"
https://www.g-niib.com/zh-hant/blog/detail/%E6%B8%9B%E4%BD%8E%E4%BA%8C%E6%AC%A1%E6%84%9F%E6%9F%93%E9%A2%A8%E9%9A%AA,"['', 'omicron ', '', '', '', '', ' ', '', '', '']",     - GenieBiome Limited | ,",,GenieBiome Limited,Omicron,,,","G-NiiB ,,,,,,,,,","G-NiiB,,3,000Omicon,"
https://www.g-niib.com/zh-hant/blog/detail/%E6%B8%AF%E5%85%A9%E6%88%90%E7%A2%BA%E8%A8%BA%E5%85%92%E7%AB%A5-%E5%BA%B7%E5%BE%A9%E5%BE%8C%E7%8F%BE%E5%BE%8C%E9%81%BA%E7%97%87,"['g to ', 'sars', 'tun', '', ' g', ' ']",  - GenieBiome Limited | ,",20%,,GenieBiome Limited,","G-NiiB ,,,,,,,,,","Deoes G-NiiB,,BA.5,"
https://www.g-niib.com/zh-hant/blog/detail/%E7%82%BA%E5%81%A5%E5%BA%B7%E6%B8%9B%E7%A3%8540%E7%A3%85-%E6%A8%8A%E4%BA%A6%E6%95%8F-%EF%BD%8D%EF%BC%93%E8%AD%B7%E8%85%B8%E9%85%8D%E6%96%B9%E5%B0%8D%E6%88%91%E6%9C%89%E5%A5%BD%E5%A4%A7%E5%B9%AB%E5%8A%A9,"['', '', '', '', ' ', '', 'g to ', '', '', ' ']",40--M3 - GenieBiome Limited | ,-M340,"G-NiiB ,,,,,,,,,","G-NiiB,,, G-NiiB"
https://www.g-niib.com/zh-hant/blog/detail/%E7%86%B1%E7%B4%85%E9%85%92mulled-wine-8%E5%A4%A7%E5%81%A5%E5%BA%B7%E5%8A%9F%E6%95%88,"['', ' ', '', '8', 'hongjiu', 'mulled wine', '', ' ', '', '']",Mulled Wine 8 - GenieBiome Limited | ,"!,,""hongjiu""""mulled wine"",8,,!","G-NiiB ,,,,,,,,,","Deoes G-NiiB,8,"
https://www.g-niib.com/zh-hant/blog/detail/%E7%A0%94%E7%A9%B6-%E5%AD%95%E5%A9%A6%E7%82%8E%E7%97%87-%E5%8F%AF%E5%BD%B1%E9%9F%BF%E5%AD%A9%E5%AD%90%E5%AD%B8%E7%BF%92%E8%83%BD%E5%8A%9B,"[' ', '', '', '', '', '', '', '']",:  - GenieBiome Limited | ,",-GenieBiome Limited","G-NiiB ,,,,,,,,,","G-NiiB,,,,,"
https://www.g-niib.com/zh-hant/blog/detail/%E7%B3%9E%E4%BE%BF%E7%AB%9F%E6%98%AF%E7%B4%B0%E8%8F%8C%E5%AF%B6%E5%BA%AB-%E6%8F%AD%E7%A4%BA%E8%85%B8%E7%99%8C%E5%8D%B1%E6%A9%9F,"[' ', ' ', 'gut microbiome ', 'prevotella', '', '', '', '', '', '']",  - GenieBiome Limited | ,:,"G-NiiB ,,,,,,,,,","G-NiiB,,,,,"
https://www.g-niib.com/zh-hant/blog/detail/%E7%BE%8E%E5%9C%8B%E5%A4%A7%E5%9E%8B%E7%A0%94%E7%A9%B6-%E4%B8%89%E6%88%90%E4%B8%AD%E5%B9%B4%E4%BA%BA-%E5%A4%A7%E8%85%B8%E7%8F%BE%E7%98%9C%E8%82%89%E8%85%AB%E7%98%A4,"['', '', 'advanced', 'neoplasia ', ' ', ' ', '  ', '  ', ' ', ' ']",:  - GenieBiome Limited | ,:45,"G-NiiB ,,,,,,,,,","G-NiiB,,50,,"
https://www.g-niib.com/zh-hant/blog/detail/%E8%81%96%E8%AA%95%E7%BE%8E%E9%A3%9F-%E7%81%AB%E9%9B%9E%E5%B0%81%E6%9C%80%E5%BC%B7%E7%99%BD%E8%82%89-%E7%B4%B0%E6%95%B85%E5%A4%A7%E5%81%A5%E5%BA%B7%E7%9B%8A%E8%99%95,"['', ' ', '']",   5 - GenieBiome Limited | ,":,","G-NiiB ,,,,,,,,,","G-NiiB,,,5,"
https://www.g-niib.com/zh-hant/blog/detail/%E8%82%9D%E8%84%82%E8%82%AA%E7%A9%8D%E8%81%9A%E5%B9%B4%E8%BC%95%E5%8C%96,"['', '']", 6    - GenieBiome Limited | ,",6 - GenieBiome ","G-NiiB ,,,,,,,,,","G-NiiB,,,,80,SEO"
https://www.g-niib.com/zh-hant/blog/detail/%E8%85%B8%E9%81%93%E8%8F%8C%E4%B9%9F%E5%81%8F%E9%A3%9F-%E4%BD%A0%E7%9A%84%E9%A3%B2%E9%A3%9F%E7%BF%92%E6%85%A3-%E9%A4%8A%E6%B4%BB%E4%BB%80%E9%BA%BC%E8%8F%8C,"['', '', '', '', '', '', '', '', '', '']",  ? - GenieBiome Limited | ,",?","G-NiiB ,,,,,,,,,","G-NiiB,,,"
https://www.g-niib.com/zh-hant/blog/detail/%E8%97%8D%E8%89%B2g-niib%E5%85%8D%E7%96%AB-%E5%8F%8A%E7%B4%85%E8%89%B2m3xtra%E8%AD%B7%E8%85%B8%E5%88%86%E5%88%A5,"['g-niib', 'g-niib', 'g-niib immunity pro', 'g-niib', 'g niib', 'g niib', 'g_niib    ', 'g niib ', 'g-niib+', ' ']",G-NiiB+M3XTRA - GenieBiome Limited | , G-NiiB + M3XTRA ,"G-NiiB ,,,,,,,,,","G-NiiB,G-NiiB+M3xtra,"
https://www.g-niib.com/zh-hant/blog/detail/%E8%A7%A3%E6%A7%8B%E5%85%8D%E7%96%AB%E5%B9%B4%E9%BD%A1%E7%B4%B0%E8%83%9E-%E9%A0%90%E9%98%B2%E6%8F%90%E6%97%A9%E8%A1%B0%E8%80%81,"['g', ' ', '', '', '', '']",  - GenieBiome Limited | ,"-GenieBiome Limited,,","G-NiiB ,,,,,,,,,","G-NiiB,,,,,,"
https://www.g-niib.com/zh-hant/blog/detail/%E8%A9%95%E4%BC%B0%E5%A4%A7%E8%85%B8%E7%99%8C%E9%A2%A8%E9%9A%AA-%E5%A4%A7%E4%BE%BF%E9%9A%B1%E8%A1%802%E5%A4%A7%E5%AD%B8%E5%95%8F,"['', '', '', '', '', '', '', '', ' ', ' ']", 2 - GenieBiome Limited | ,:,"G-NiiB ,,,,,,,,,",",G-NiiB,FIT,"
https://www.g-niib.com/zh-hant/blog/detail/%E9%81%A0%E9%9B%A2%E5%A4%A7%E8%85%B8%E9%A0%91%E7%96%BE-%E5%81%A5%E5%BA%B7%E8%85%B8%E9%81%93%E7%9A%843-%E5%A4%A7%E7%89%B9%E5%BE%B5,"['jiankang yao', ' ', '', '', '', '', '', '', ' ', '']", 3  - GenieBiome Limited | ,"- GenieBiome Limited ,,,,44,,,","G-NiiB ,,,,,,,,,","G-NiiB,,,,3:,"
https://www.g-niib.com/zh-hant/blog/detail/%E9%86%AB%E5%AD%B8%E6%96%B0%E7%AA%81%E7%A0%B4-m3%E5%8F%AF%E9%A9%97%E8%87%B4%E7%99%8C%E7%98%9C%E8%82%89-%E5%8F%8A%E6%97%A9%E5%81%B5%E6%B8%AC%E5%A4%A7%E8%85%B8%E7%99%8C,"['non invasive', 'g/s', 'm3 crc', 'm3 ', 'non invasive ', 'non-invasive ', 'non-invasive', '']",:M3 &nbsp; - GenieBiome Limited | ,":M3,| GenieBiome Limited:,","G-NiiB ,,,,,,,,,","G-NiiB,M3,"
https://www.g-niib.com/zh-hant/blog/detail/%E9%95%B7%E6%96%B0%E5%86%A0%E5%85%AD%E5%A4%A7%E4%BA%9E%E5%9E%8B-%E6%9C%80%E6%98%93%E8%A2%AB%E5%BF%BD%E7%95%A5,"['gniib ', ' ', ' ', ' ', 'covid ', 'covid', 'covid', '  ', ' ', '']",  - GenieBiome Limited | ,"Gniib :,?-","G-NiiB ,,,,,,,,,","G-NiiB,,,,80"
https://www.g-niib.com/zh-hant/blog/detail/%E9%98%BB%E6%93%8B%E6%83%A1%E8%8F%8C%E7%A0%B4%E5%A3%9E%E9%BB%8F%E8%86%9C-%E5%AE%88%E4%BD%8F%E8%85%B8%E5%A3%81%E5%B1%8F%E9%9A%9C,"['g-niib', '', '', '', '', '', '', '', '', '']",M3XTRA   - GenieBiome Limited | ,"g-niib,,,,,,(epithelial cells),g-niib,","G-NiiB ,,,,,,,,,","G-NiiB,,,G-NiiB"
https://www.g-niib.com/zh-hant/blog/detail/%E9%9B%99%E6%AD%A7%E6%A1%BF%E8%8F%8C%E6%BF%80%E6%B4%BBb%E7%B4%B0%E8%83%9E,"['b ', 'b', 'b', 'g', '', ' ', 'b', '', '', '']",B   - GenieBiome Limited | ,"B,,,- GenieBiome Limited","G-NiiB ,,,,,,,,,","G-NiiB,,,,B"
https://www.g-niib.com/zh-hant/blog/detail/%E9%BB%9E%E8%A7%A3bb%E5%A4%A9%E7%94%9F%E6%9C%89%E6%BF%95%E6%95%8F,[''],BB? - GenieBiome Limited | ,",,3,,:,BB?,","G-NiiB ,,,,,,,,,","G-NiiB,,"
https://www.g-niib.com/zh-hant/blog/detail/20-%E5%A4%A7%E8%85%B8%E7%98%9C%E8%82%89%E5%88%87%E9%99%A4%E5%BE%8C-2%E5%B9%B4%E5%86%8D%E7%94%9F,"['', '', 'tubulovillous adenoma', ' ', '', '', '', '', '', '']",20% 2 - GenieBiome Limited | ,2-GenieBiome Limited | ,"G-NiiB ,,,,,,,,,","G-NiiB,,"
https://www.g-niib.com/zh-hant/blog/detail/6%E7%A8%AE%E7%85%AE%E6%B3%95-%E5%93%AA%E7%A8%AE%E5%B0%8D%E8%85%B8%E8%83%83%E6%9C%80%E5%A5%BD,"['g-niib', '', ' ']",  6   ? - GenieBiome Limited | ,",,,6,,,?- ,","G-NiiB ,,,,,,,,,","G-NiiB,,,,!(80)"
https://www.g-niib.com/zh-hant/blog/detail/7%E7%A8%AE%E4%BE%BF%E4%BE%BF%E5%BD%A2%E6%85%8B%E7%9C%8B%E5%87%BA%E8%85%B8%E9%81%93%E8%8F%8C,"['', '', ' ', '', ' ', '', '', 'bb', 'bb', ' ']",7 - GenieBiome Limited | ,? - GenieBiome Limited | ,"G-NiiB ,,,,,,,,,","G-NiiB,,"
https://www.g-niib.com/zh-hant/blog/detail/carmen-sim01,[''],Carmen..SIM01  - GenieBiome Limited | ,",CarmenCOVID-19,,Carmen G-NiiB +(SIM01),SIM01,,CarmenSIM01,SIM01","G-NiiB ,,,,,,,,,","G-NiiB,,,CarmenG-NiiBSIM01,,"
https://www.g-niib.com/zh-hant/blog/detail/g-niib%E7%94%A8%E5%AE%B6%E5%A0%B1%E5%91%8A-%E9%87%91%E8%9E%8D%E8%80%81%E9%97%86shane-%E6%AF%8F%E6%97%A9%E6%97%A5%E9%A4%90%E5%BE%8C%E6%9C%8D%E7%94%A8-%E8%85%B8%E9%81%93%E6%95%8F%E6%84%9F%E8%82%9A%E7%80%89%E5%95%8F%E9%A1%8C%E5%AE%8C%E5%85%A8%E6%94%B9%E5%96%84%E4%BA%86-%E4%BE%BF%E4%BE%BF%E8%AE%8A%E5%9B%9E%E9%A6%99%E8%95%89%E5%BD%A2,[''],"G-NiiB:Shane:,,... - GenieBiome Limited | ",Shane:|G-NiiB+,"G-NiiB ,,,,,,,,,","G-NiiB,,,"
https://www.g-niib.com/zh-hant/blog/detail/g-niib-%E5%85%8D%E7%96%AB-%E6%A6%AE%E7%8D%B2-%E4%BA%9E%E5%A4%AA%E5%8D%80%E6%9C%80%E4%BD%B3%E7%9B%8A%E7%94%9F%E8%8F%8C-2,"['g-niib+', 'pro gut ']",G-NiiB +  - GenieBiome Limited | ,"G-NiiB+,NutraIngredients-Asia 2022 | Pro Gut","G-NiiB ,,,,,,,,,","G-NiiB,,G-NiiBNutraIngredients-Asia 2022,"
https://www.g-niib.com/zh-hant/blog/detail/heidi-sim01,"['', '', '']","HeidiSIM01,! - GenieBiome Limited | ","G-NiiBSIM01,,- SEO:G-NiiB SIM01","G-NiiB ,,,,,,,,,","G-NiiB,,G-NiiBSIM01,,,,"
https://www.g-niib.com/zh-hant/blog/detail/m3crc%E7%B4%B0%E5%88%B05mm%E9%83%BD%E9%A9%97%E5%88%B0-%E5%B0%8F%E7%98%9C%E8%82%89%E5%A4%A7%E8%85%B8%E7%99%8C-%E7%84%A1%E6%89%80%E9%81%81%E5%BD%A2,[''],M3CRC5mm   - GenieBiome Limited | ,",M3CRC5,,(),,100%, - GenieBiome Limited | ","G-NiiB ,,,,,,,,,","G-NiiB,,,,100%"
https://www.g-niib.com/zh-hant/blog/detail/m3crc%E9%A9%97%E5%87%BA%E6%BD%9B%E4%BC%8F%E5%A4%A7%E8%85%B8%E7%99%8C-%E6%89%93%E7%A0%B4%E8%85%B8%E9%81%93%E9%83%A8%E4%BD%8D%E5%B1%80%E9%99%90,"['', '', '', ' ', '', '', '', '', '', '']",M3CRC  - GenieBiome Limited | ,"GenieBiome LimitedM3CRC,","G-NiiB ,,,,,,,,,","G-NiiB,(),,()"
https://www.g-niib.com/zh-hant/blog/detail/m3xtra-wendy,[''], Wendy: M3 - GenieBiome Limited | ,"Wendy:M3XTRA,,","G-NiiB ,,,,,,,,,","Deoes G-NiiB,,M3XTRA # # #"
https://www.g-niib.com/zh-hant/blog/detail/mama-jazi,[''],Jazi..SIM01 +  - GenieBiome Limited | ,"2Jazi,G-NiiB+(SIM01)","G-NiiB ,,,,,,,,,","G-NiiB,G-NiiB+(SIM01)Jazi,"
https://www.g-niib.com/zh-hant/blog/detail/mama-winnie,"['', '', '', '', '']",":Winnie SIM01, - GenieBiome Limited | ",":WinnieSIM01,","G-NiiB ,,,,,,,,,","G-NiiB,,G-NiiB,,"
https://www.g-niib.com/zh-hant/blog/detail/sim01%E8%85%B8%E9%81%93%E5%BE%AE%E7%94%9F%E6%85%8B%E9%85%8D%E6%96%B9-%E6%B8%9B%E8%BC%95%E5%85%92%E7%AB%A5%E6%8E%A5%E7%A8%AE%E7%96%AB%E8%8B%97%E5%89%AF%E4%BD%9C%E7%94%A8,"['g-niib', '', '', '']", SIM01  - GenieBiome Limited | ,:,"G-NiiB ,,,,,,,,,"," G-NiiB,,,G-NiiB SIM01 ,,"
https://www.g-niib.com/zh-hant/blog/detail/sim01-%E9%85%8D%E6%96%B9%E6%9C%89%E6%95%88%E6%8A%B5%E6%8A%97%E7%B4%B0%E8%8F%8C%E7%97%85%E6%AF%92%E6%84%9F%E6%9F%93,[''],SIM01  - GenieBiome Limited | ,"GenieBiome Limited,SIM01,,,,SIM01,,!","G-NiiB ,,,,,,,,,","G-NiiB,SIM01,,"
https://www.g-niib.com/zh-hant/blog/detail/stool-collection-guide,"['', '', '', '', '', '']", - GenieBiome Limited | , - GenieBiome Limited ,G-NiiB CRCcore  - ," G-NiiB CRCcore ,,,"
https://www.g-niib.com/zh-hant/blog/detail/user-testimonials-martin,[''],Martin:SIM01 ! - GenieBiome Limited | ,"Martin,,,,,,,,,GenieBiome LimitedSIM01,,Martin!","G-NiiB ,,,,,,,,,","G-NiiB,Martin,,G-NiiB"
https://www.g-niib.com/zh-hant/blog/listing/all,"['g_niib    ', 'g niib', '']", - GenieBiome Limited | ,"GenieBiome Limited:, | g_niib",G-NiiB ,",G-NiiB,"
https://www.g-niib.com/zh-hant/blog/listing/gut-serious-illness,"['g_niib    ', ' ', '', '']", - GenieBiome Limited | ,"g_niib, - GenieBiome",G-NiiB ,"G-NiiB,,M3CRC"
https://www.g-niib.com/zh-hant/blog/listing/health-information,"['omicron', '', '']", - GenieBiome Limited | ,:,G-NiiB ,"DSE,G-NiiB,,omicron,,"
https://www.g-niib.com/zh-hant/blog/listing/mucus-layer,"['g niib', 'g_niib    ', 'mucin layer', 'mucus', '', '']", - GenieBiome Limited | ,"GenieBiome Limited,,G niib,,,,3,",G-NiiB ,"G-NiiB,,,G-NiiB,"
https://www.g-niib.com/zh-hant/blog/listing/user-report,"['', '']", - GenieBiome Limited | ,"G-NiiBSIM01-,,,SIM01",G-NiiB ,"G-NiiB,,G-NiiBSIM01,,,,,"
https://www.g-niib.com/zh-hant/contact,"['geniebiome', 'geniebiome limited', 'g niib', 'g niib watsons', 'g-niib', 'genie biome', 'geniebiome ltd', 'gniib', 'local guide program', 'niib']", - GenieBiome Limited | , - GenieBiome Limited | ,   |   : (852) 3960 7648   |   : contact@g-niib.com,"

 Genie Biome Limited,:G NIIBG NIIB WatsonsG-NIIBGenie BiomeGenieBiome LimitedGenie Biome LtdGNIIBLocal Guide ProgramNIIB:(852) 3960 7648,:contact@g-niib.com"
https://www.g-niib.com/zh-hant/m3crc,"['m3crc', 'm3 crc', 'm3 ', 'm3crctm ', 'mcrc', 'm3', 'm3', 'adenoma ', 'adenomas ', 'ca colon']",G-NiiB M3CRC - GenieBiome Limited | ,G-NiiB M3CRC - GenieBiome Limited | ,"G-NiiB ,,,,,,,,,","G-NiiB,,M3CRCTM,CA Colon"
https://www.g-niib.com/zh-hant/m3xtra,"['g-niib m3xtra ', 'g-niib m3xtra', 'g niib m3xtra', 'g niib m3 xtra', 'g-niib', 'g-niib m3xtra', '', 'g-niib m3xtra pro', 'g-niib', 'm3xtra pro']",G-NiiB M3XTRA  SMT04 - GenieBiome Limited | ,"G-NiiB M3XTRA  -  GenieBiome Limited ,,,","G-NiiB ,,,,,,,,,","G-NiiB,G-NiiB m3xtraG-NiiB"
https://www.g-niib.com/zh-hant/privacy,"['g niib', 'g-niib', 'genie biome', 'geniebiome', 'gniib', 'niib', ' ']", - GenieBiome Limited | ,"Yes, the GenieBiome Limited's privacy policy is available in traditional Chinese. The title of the page is """" which translates to ""Privacy Policy for Using Scientific Research to Rebuild Healthy Microecology.""","G-NiiB ,,,,,,,,,","G-NiiB,,80,G-NiiB"
https://www.g-niib.com/zh-hant/product/g-niib-immunity,"['', ' ', '', 'g niib immunity', '', 'ginb', ' g-niib', 'g niib', '', 'g-niib immunity']",G-NiiB  +  SIM01 - GenieBiome Limited | ,G-NiiB+SIM01 | GenieBiome Limited,"G-NiiB ,,,,,,,,,","G-NiiB,,,G-NiiB,7,,"
https://www.g-niib.com/zh-hant/product/immunekids,"['g-niib', 'geniebiome', 'sim03', 'g']",G-NiiB  SIM03 - GenieBiome Limited | ,G-NiiB  SIM03:,"G-NiiB ,,,,,,,,,","G-NiiB,,G-NiiBSIM03,,,,"
https://www.g-niib.com/zh-hant/research,"['', 'geniebiome', 'geniebiome ltd', 'gnib covid', 'gniib ', '']", - GenieBiome Limited | ,GenieBiome Limited: | g-niib.com,"G-NiiB ,,,,,,,,,","G-NiiB,,geniebiomegeniebiome ltdgnib covidgniib"
https://www.g-niib.com/zh-hant/research/detail/among-1000-healthy-people-hong-kong-nearly-40-have-intestinal-flora-imbalance,"['hastens ', 'hastens', '1000']","1000,",1000?,"G-NiiB ,,,,,,,,,","G-NiiB,,,,40%,"
https://www.g-niib.com/zh-hant/research/detail/cuhk-microbiome-immunity-formula-hastens-recovery-novel-virus-patients-boost-immunity,"['', ' ']", ,",,,","G-NiiB ,,,,,,,,,","G-NiiB,,,"
https://www.g-niib.com/zh-hant/research/detail/joint-cuhk-hku-study-discovers-efficacy-novel-virus-vaccines-correlates-probiotic-bacterium-bifidobacterium-adolescentis,"['', '', '', '', ' ', '', ' ', '', ' ', '']",,:,"G-NiiB ,,,,,,,,,",",,,"
